{"cameraMode":{"drawMode":0,"name":"Shaded","section":"Shading Mode"},"sceneLighting":false,"audioPlay":false,"sceneViewState":{"showFog":true,"showMaterialUpdate":true,"showSkybox":true,"showFlares":true,"showImageEffects":true,"showParticleSystems":true},"in2DMode":false,"pivot":{"x":36.35570526123047,"y":0.7826268672943115,"z":-254.3052978515625},"rotation":{"x":0.34249764680862429,"y":-0.6092627048492432,"z":0.3284018337726593,"w":0.635331928730011},"size":23.590576171875,"orthographic":true}