{"cameraMode":{"drawMode":0,"name":"Shaded","section":"Shading Mode"},"sceneLighting":false,"audioPlay":false,"sceneViewState":{"showFog":true,"showMaterialUpdate":true,"showSkybox":true,"showFlares":true,"showImageEffects":true,"showParticleSystems":true},"in2DMode":false,"pivot":{"x":-0.03682708740234375,"y":0.9468879699707031,"z":-0.002910614013671875},"rotation":{"x":0.22330151498317719,"y":-0.6980759501457214,"z":0.24565374851226808,"w":0.6344136595726013},"size":114.31536102294922,"orthographic":true}