{"cameraMode":{"drawMode":0,"name":"Shaded","section":"Shading Mode"},"sceneLighting":false,"audioPlay":false,"sceneViewState":{"showFog":true,"showMaterialUpdate":true,"showSkybox":true,"showFlares":true,"showImageEffects":true,"showParticleSystems":true},"in2DMode":false,"pivot":{"x":-44.15176010131836,"y":6.518848419189453,"z":23.348249435424806},"rotation":{"x":0.3467642664909363,"y":0.6508460640907288,"z":-0.32094570994377139,"w":0.5942624807357788},"size":16.01323699951172,"orthographic":true}