{"cameraMode":{"drawMode":0,"name":"Shaded","section":"Shading Mode"},"sceneLighting":true,"audioPlay":false,"sceneViewState":{"showFog":true,"showMaterialUpdate":true,"showSkybox":true,"showFlares":true,"showImageEffects":true,"showParticleSystems":true},"in2DMode":false,"pivot":{"x":81.30999755859375,"y":0.0,"z":-67.91999816894531},"rotation":{"x":-0.013627479784190655,"y":-0.6531662940979004,"z":0.01175826694816351,"w":-0.7570005655288696},"size":15.175150871276856,"orthographic":true}