{"cameraMode":{"drawMode":0,"name":"Shaded","section":"Shading Mode"},"sceneLighting":false,"audioPlay":false,"sceneViewState":{"showFog":true,"showMaterialUpdate":true,"showSkybox":true,"showFlares":true,"showImageEffects":true,"showParticleSystems":true},"in2DMode":false,"pivot":{"x":26.54046058654785,"y":1.1019999980926514,"z":-39.07754898071289},"rotation":{"x":-0.24886655807495118,"y":0.7511442303657532,"z":-0.42694735527038576,"w":-0.4376799166202545},"size":9.880263328552246,"orthographic":true}