{"cameraMode":{"drawMode":0,"name":"Shaded","section":"Shading Mode"},"sceneLighting":false,"audioPlay":false,"sceneViewState":{"showFog":true,"showMaterialUpdate":true,"showSkybox":true,"showFlares":true,"showImageEffects":true,"showParticleSystems":true},"in2DMode":false,"pivot":{"x":-44.013248443603519,"y":6.645687103271484,"z":23.11363410949707},"rotation":{"x":-0.0763867199420929,"y":-0.8892953395843506,"z":0.4447769820690155,"w":-0.07411030679941178},"size":8.908439636230469,"orthographic":true}