{"cameraMode":{"drawMode":0,"name":"Shaded","section":"Shading Mode"},"sceneLighting":false,"audioPlay":false,"sceneViewState":{"showFog":true,"showMaterialUpdate":true,"showSkybox":true,"showFlares":true,"showImageEffects":true,"showParticleSystems":true},"in2DMode":false,"pivot":{"x":-20.389999389648439,"y":7.031896591186523,"z":-63.33000183105469},"rotation":{"x":0.20219896733760835,"y":0.7823083996772766,"z":-0.22655797004699708,"w":0.5438571572303772},"size":5.950860023498535,"orthographic":true}