{"cameraMode":{"drawMode":0,"name":"Shaded","section":"Shading Mode"},"sceneLighting":false,"audioPlay":false,"sceneViewState":{"showFog":true,"showMaterialUpdate":true,"showSkybox":true,"showFlares":true,"showImageEffects":true,"showParticleSystems":true},"in2DMode":false,"pivot":{"x":0.000953972339630127,"y":0.30035507678985598,"z":-0.03682264685630798},"rotation":{"x":0.34249764680862429,"y":-0.6092627048492432,"z":0.3284018337726593,"w":0.635331928730011},"size":5.393841743469238,"orthographic":true}