{"cameraMode":{"drawMode":0,"name":"Shaded","section":"Shading Mode"},"sceneLighting":false,"audioPlay":false,"sceneViewState":{"showFog":true,"showMaterialUpdate":true,"showSkybox":true,"showFlares":true,"showImageEffects":true,"showParticleSystems":true},"in2DMode":false,"pivot":{"x":-43.46170425415039,"y":6.769237518310547,"z":31.585350036621095},"rotation":{"x":-0.0763867199420929,"y":-0.8892953395843506,"z":0.4447769820690155,"w":-0.07411030679941178},"size":8.323506355285645,"orthographic":true}