{"cameraMode":{"drawMode":0,"name":"Shaded","section":"Shading Mode"},"sceneLighting":true,"audioPlay":false,"sceneViewState":{"showFog":true,"showMaterialUpdate":true,"showSkybox":true,"showFlares":true,"showImageEffects":true,"showParticleSystems":true},"in2DMode":false,"pivot":{"x":79.6500015258789,"y":6.708400726318359,"z":-102.05000305175781},"rotation":{"x":0.2757755517959595,"y":0.4944751560688019,"z":-0.16906732320785523,"w":0.8067579865455627},"size":430.909423828125,"orthographic":true}