{"cameraMode":{"drawMode":0,"name":"Shaded","section":"Shading Mode"},"sceneLighting":false,"audioPlay":false,"sceneViewState":{"showFog":true,"showMaterialUpdate":true,"showSkybox":true,"showFlares":true,"showImageEffects":true,"showParticleSystems":true},"in2DMode":false,"pivot":{"x":27.1200008392334,"y":2.5,"z":-45.970027923583987},"rotation":{"x":0.38648635149002077,"y":-0.47223711013793948,"z":0.24183686077594758,"w":0.7544106245040894},"size":11.67777156829834,"orthographic":true}