{"cameraMode":{"drawMode":0,"name":"Shaded","section":"Shading Mode"},"sceneLighting":false,"audioPlay":false,"sceneViewState":{"showFog":true,"showMaterialUpdate":true,"showSkybox":true,"showFlares":true,"showImageEffects":true,"showParticleSystems":true},"in2DMode":false,"pivot":{"x":26.46441650390625,"y":3.1999998092651369,"z":-240.3946990966797},"rotation":{"x":0.30775347352027895,"y":-0.5756575465202332,"z":0.24736741185188294,"w":0.716041624546051},"size":29.74581527709961,"orthographic":true}